file,line,type,commit,author,date,time,timezone,datetime,depth,length
style.css,1,css,1898eec6,Antony Munkhchuluun,2026-04-12,22:29:25,-07:00,2026-04-12T22:29:25-07:00,0,5
style.css,2,css,1898eec6,Antony Munkhchuluun,2026-04-12,22:29:25,-07:00,2026-04-12T22:29:25-07:00,1,31
style.css,3,css,1898eec6,Antony Munkhchuluun,2026-04-12,22:29:25,-07:00,2026-04-12T22:29:25-07:00,0,0
style.css,4,css,1898eec6,Antony Munkhchuluun,2026-04-12,22:29:25,-07:00,2026-04-12T22:29:25-07:00,0,0
style.css,5,css,1898eec6,Antony Munkhchuluun,2026-04-12,22:29:25,-07:00,2026-04-12T22:29:25-07:00,0,4
style.css,6,css,597eceb3,Antony Munkhchuluun,2026-04-21,16:06:16,-07:00,2026-04-21T16:06:16-07:00,1,23
style.css,7,css,1898eec6,Antony Munkhchuluun,2026-04-12,22:29:25,-07:00,2026-04-12T22:29:25-07:00,1,32
style.css,8,css,1898eec6,Antony Munkhchuluun,2026-04-12,22:29:25,-07:00,2026-04-12T22:29:25-07:00,0,0
style.css,9,css,1898eec6,Antony Munkhchuluun,2026-04-12,22:29:25,-07:00,2026-04-12T22:29:25-07:00,0,0
style.css,10,css,aea3d98c,Antony Munkhchuluun,2026-04-06,20:44:04,-07:00,2026-04-06T20:44:04-07:00,0,4
style.css,11,css,aea3d98c,Antony Munkhchuluun,2026-04-06,20:44:04,-07:00,2026-04-06T20:44:04-07:00,1,43
style.css,12,css,aea3d98c,Antony Munkhchuluun,2026-04-06,20:44:04,-07:00,2026-04-06T20:44:04-07:00,0,42
style.css,13,css,aea3d98c,Antony Munkhchuluun,2026-04-06,20:44:04,-07:00,2026-04-06T20:44:04-07:00,0,0
style.css,14,css,aea3d98c,Antony Munkhchuluun,2026-04-06,20:44:04,-07:00,2026-04-06T20:44:04-07:00,1,23
style.css,15,css,1898eec6,Antony Munkhchuluun,2026-04-12,22:29:25,-07:00,2026-04-12T22:29:25-07:00,1,15
style.css,16,css,1898eec6,Antony Munkhchuluun,2026-04-12,22:29:25,-07:00,2026-04-12T22:29:25-07:00,1,18
style.css,17,css,1898eec6,Antony Munkhchuluun,2026-04-12,22:29:25,-07:00,2026-04-12T22:29:25-07:00,1,19
style.css,18,css,1898eec6,Antony Munkhchuluun,2026-04-12,22:29:25,-07:00,2026-04-12T22:29:25-07:00,0,0
style.css,19,css,1898eec6,Antony Munkhchuluun,2026-04-12,22:29:25,-07:00,2026-04-12T22:29:25-07:00,0,0
style.css,20,css,1898eec6,Antony Munkhchuluun,2026-04-12,22:29:25,-07:00,2026-04-12T22:29:25-07:00,0,3
style.css,21,css,1898eec6,Antony Munkhchuluun,2026-04-12,22:29:25,-07:00,2026-04-12T22:29:25-07:00,1,12
style.css,22,css,1898eec6,Antony Munkhchuluun,2026-04-12,22:29:25,-07:00,2026-04-12T22:29:25-07:00,1,17
style.css,23,css,1898eec6,Antony Munkhchuluun,2026-04-12,22:29:25,-07:00,2026-04-12T22:29:25-07:00,1,41
style.css,24,css,2cfc384a,Antony Munkhchuluun,2026-04-21,15:58:42,-07:00,2026-04-21T15:58:42-07:00,1,39
style.css,25,css,2cfc384a,Antony Munkhchuluun,2026-04-21,15:58:42,-07:00,2026-04-21T15:58:42-07:00,1,39
style.css,26,css,1898eec6,Antony Munkhchuluun,2026-04-12,22:29:25,-07:00,2026-04-12T22:29:25-07:00,0,0
style.css,27,css,1898eec6,Antony Munkhchuluun,2026-04-12,22:29:25,-07:00,2026-04-12T22:29:25-07:00,0,0
style.css,28,css,1898eec6,Antony Munkhchuluun,2026-04-12,22:29:25,-07:00,2026-04-12T22:29:25-07:00,0,5
style.css,29,css,1898eec6,Antony Munkhchuluun,2026-04-12,22:29:25,-07:00,2026-04-12T22:29:25-07:00,1,6
style.css,30,css,1898eec6,Antony Munkhchuluun,2026-04-12,22:29:25,-07:00,2026-04-12T22:29:25-07:00,1,20
style.css,31,css,1898eec6,Antony Munkhchuluun,2026-04-12,22:29:25,-07:00,2026-04-12T22:29:25-07:00,1,13
style.css,32,css,1898eec6,Antony Munkhchuluun,2026-04-12,22:29:25,-07:00,2026-04-12T22:29:25-07:00,1,17
style.css,33,css,1898eec6,Antony Munkhchuluun,2026-04-12,22:29:25,-07:00,2026-04-12T22:29:25-07:00,1,13
style.css,34,css,1898eec6,Antony Munkhchuluun,2026-04-12,22:29:25,-07:00,2026-04-12T22:29:25-07:00,0,0
style.css,35,css,1898eec6,Antony Munkhchuluun,2026-04-12,22:29:25,-07:00,2026-04-12T22:29:25-07:00,0,0
style.css,36,css,1898eec6,Antony Munkhchuluun,2026-04-12,22:29:25,-07:00,2026-04-12T22:29:25-07:00,0,11
style.css,37,css,1898eec6,Antony Munkhchuluun,2026-04-12,22:29:25,-07:00,2026-04-12T22:29:25-07:00,1,45
style.css,38,css,1898eec6,Antony Munkhchuluun,2026-04-12,22:29:25,-07:00,2026-04-12T22:29:25-07:00,1,20
style.css,39,css,04880ff8,Antony Munkhchuluun,2026-04-21,16:02:14,-07:00,2026-04-21T16:02:14-07:00,1,69
style.css,40,css,1898eec6,Antony Munkhchuluun,2026-04-12,22:29:25,-07:00,2026-04-12T22:29:25-07:00,0,0
style.css,41,css,1898eec6,Antony Munkhchuluun,2026-04-12,22:29:25,-07:00,2026-04-12T22:29:25-07:00,0,0
style.css,42,css,1898eec6,Antony Munkhchuluun,2026-04-12,22:29:25,-07:00,2026-04-12T22:29:25-07:00,0,13
style.css,43,css,1898eec6,Antony Munkhchuluun,2026-04-12,22:29:25,-07:00,2026-04-12T22:29:25-07:00,1,43
style.css,44,css,1898eec6,Antony Munkhchuluun,2026-04-12,22:29:25,-07:00,2026-04-12T22:29:25-07:00,1,20
style.css,45,css,8653c1c1,Antony Munkhchuluun,2026-04-21,15:08:43,-07:00,2026-04-21T15:08:43-07:00,1,16
style.css,46,css,8653c1c1,Antony Munkhchuluun,2026-04-21,15:08:43,-07:00,2026-04-21T15:08:43-07:00,1,25
style.css,47,css,1898eec6,Antony Munkhchuluun,2026-04-12,22:29:25,-07:00,2026-04-12T22:29:25-07:00,0,0
style.css,48,css,1898eec6,Antony Munkhchuluun,2026-04-12,22:29:25,-07:00,2026-04-12T22:29:25-07:00,0,0
style.css,49,css,1898eec6,Antony Munkhchuluun,2026-04-12,22:29:25,-07:00,2026-04-12T22:29:25-07:00,0,23
style.css,50,css,1898eec6,Antony Munkhchuluun,2026-04-12,22:29:25,-07:00,2026-04-12T22:29:25-07:00,1,12
style.css,51,css,1898eec6,Antony Munkhchuluun,2026-04-12,22:29:25,-07:00,2026-04-12T22:29:25-07:00,1,21
style.css,52,css,1898eec6,Antony Munkhchuluun,2026-04-12,22:29:25,-07:00,2026-04-12T22:29:25-07:00,0,0
style.css,53,css,1898eec6,Antony Munkhchuluun,2026-04-12,22:29:25,-07:00,2026-04-12T22:29:25-07:00,0,0
style.css,54,css,1898eec6,Antony Munkhchuluun,2026-04-12,22:29:25,-07:00,2026-04-12T22:29:25-07:00,0,4
style.css,55,css,1898eec6,Antony Munkhchuluun,2026-04-12,22:29:25,-07:00,2026-04-12T22:29:25-07:00,1,12
style.css,56,css,1898eec6,Antony Munkhchuluun,2026-04-12,22:29:25,-07:00,2026-04-12T22:29:25-07:00,1,30
style.css,57,css,1898eec6,Antony Munkhchuluun,2026-04-12,22:29:25,-07:00,2026-04-12T22:29:25-07:00,1,7
style.css,58,css,1898eec6,Antony Munkhchuluun,2026-04-12,22:29:25,-07:00,2026-04-12T22:29:25-07:00,0,0
style.css,59,css,1898eec6,Antony Munkhchuluun,2026-04-12,22:29:25,-07:00,2026-04-12T22:29:25-07:00,0,0
style.css,60,css,1898eec6,Antony Munkhchuluun,2026-04-12,22:29:25,-07:00,2026-04-12T22:29:25-07:00,0,5
style.css,61,css,1898eec6,Antony Munkhchuluun,2026-04-12,22:29:25,-07:00,2026-04-12T22:29:25-07:00,1,12
style.css,62,css,1898eec6,Antony Munkhchuluun,2026-04-12,22:29:25,-07:00,2026-04-12T22:29:25-07:00,1,29
style.css,63,css,1898eec6,Antony Munkhchuluun,2026-04-12,22:29:25,-07:00,2026-04-12T22:29:25-07:00,1,18
style.css,64,css,1898eec6,Antony Munkhchuluun,2026-04-12,22:29:25,-07:00,2026-04-12T22:29:25-07:00,0,0
style.css,65,css,1898eec6,Antony Munkhchuluun,2026-04-12,22:29:25,-07:00,2026-04-12T22:29:25-07:00,0,0
style.css,66,css,1898eec6,Antony Munkhchuluun,2026-04-12,22:29:25,-07:00,2026-04-12T22:29:25-07:00,0,6
style.css,67,css,1898eec6,Antony Munkhchuluun,2026-04-12,22:29:25,-07:00,2026-04-12T22:29:25-07:00,1,18
style.css,68,css,1898eec6,Antony Munkhchuluun,2026-04-12,22:29:25,-07:00,2026-04-12T22:29:25-07:00,0,0
style.css,69,css,1898eec6,Antony Munkhchuluun,2026-04-12,22:29:25,-07:00,2026-04-12T22:29:25-07:00,0,0
style.css,70,css,1898eec6,Antony Munkhchuluun,2026-04-12,22:29:25,-07:00,2026-04-12T22:29:25-07:00,0,9
style.css,71,css,1898eec6,Antony Munkhchuluun,2026-04-12,22:29:25,-07:00,2026-04-12T22:29:25-07:00,1,12
style.css,72,css,1898eec6,Antony Munkhchuluun,2026-04-12,22:29:25,-07:00,2026-04-12T22:29:25-07:00,1,58
style.css,73,css,1898eec6,Antony Munkhchuluun,2026-04-12,22:29:25,-07:00,2026-04-12T22:29:25-07:00,1,7
style.css,74,css,1898eec6,Antony Munkhchuluun,2026-04-12,22:29:25,-07:00,2026-04-12T22:29:25-07:00,0,0
style.css,75,css,1898eec6,Antony Munkhchuluun,2026-04-12,22:29:25,-07:00,2026-04-12T22:29:25-07:00,0,0
style.css,76,css,1898eec6,Antony Munkhchuluun,2026-04-12,22:29:25,-07:00,2026-04-12T22:29:25-07:00,0,2
style.css,77,css,1898eec6,Antony Munkhchuluun,2026-04-12,22:29:25,-07:00,2026-04-12T22:29:25-07:00,1,14
style.css,78,css,1898eec6,Antony Munkhchuluun,2026-04-12,22:29:25,-07:00,2026-04-12T22:29:25-07:00,0,0
style.css,79,css,1898eec6,Antony Munkhchuluun,2026-04-12,22:29:25,-07:00,2026-04-12T22:29:25-07:00,0,0
style.css,80,css,1898eec6,Antony Munkhchuluun,2026-04-12,22:29:25,-07:00,2026-04-12T22:29:25-07:00,0,22
style.css,81,css,1898eec6,Antony Munkhchuluun,2026-04-12,22:29:25,-07:00,2026-04-12T22:29:25-07:00,1,15
style.css,82,css,1898eec6,Antony Munkhchuluun,2026-04-12,22:29:25,-07:00,2026-04-12T22:29:25-07:00,1,17
style.css,83,css,1898eec6,Antony Munkhchuluun,2026-04-12,22:29:25,-07:00,2026-04-12T22:29:25-07:00,0,0
style.css,84,css,1898eec6,Antony Munkhchuluun,2026-04-12,22:29:25,-07:00,2026-04-12T22:29:25-07:00,0,0
style.css,85,css,1898eec6,Antony Munkhchuluun,2026-04-12,22:29:25,-07:00,2026-04-12T22:29:25-07:00,0,17
style.css,86,css,1898eec6,Antony Munkhchuluun,2026-04-12,22:29:25,-07:00,2026-04-12T22:29:25-07:00,1,12
style.css,87,css,1898eec6,Antony Munkhchuluun,2026-04-12,22:29:25,-07:00,2026-04-12T22:29:25-07:00,1,26
style.css,88,css,ed6013dc,Antony Munkhchuluun,2026-04-25,23:52:00,-07:00,2026-04-25T23:52:00-07:00,1,15
style.css,89,css,1898eec6,Antony Munkhchuluun,2026-04-12,22:29:25,-07:00,2026-04-12T22:29:25-07:00,1,7
style.css,90,css,1898eec6,Antony Munkhchuluun,2026-04-12,22:29:25,-07:00,2026-04-12T22:29:25-07:00,0,0
style.css,91,css,1898eec6,Antony Munkhchuluun,2026-04-12,22:29:25,-07:00,2026-04-12T22:29:25-07:00,0,0
style.css,92,css,1898eec6,Antony Munkhchuluun,2026-04-12,22:29:25,-07:00,2026-04-12T22:29:25-07:00,0,12
style.css,93,css,1898eec6,Antony Munkhchuluun,2026-04-12,22:29:25,-07:00,2026-04-12T22:29:25-07:00,1,8
style.css,94,css,2cfc384a,Antony Munkhchuluun,2026-04-21,15:58:42,-07:00,2026-04-21T15:58:42-07:00,0,0
style.css,95,css,2cfc384a,Antony Munkhchuluun,2026-04-21,15:58:42,-07:00,2026-04-21T15:58:42-07:00,0,0
style.css,96,css,2cfc384a,Antony Munkhchuluun,2026-04-21,15:58:42,-07:00,2026-04-21T15:58:42-07:00,0,13
style.css,97,css,2cfc384a,Antony Munkhchuluun,2026-04-21,15:58:42,-07:00,2026-04-21T15:58:42-07:00,1,17
style.css,98,css,2cfc384a,Antony Munkhchuluun,2026-04-21,15:58:42,-07:00,2026-04-21T15:58:42-07:00,1,8
style.css,99,css,2cfc384a,Antony Munkhchuluun,2026-04-21,15:58:42,-07:00,2026-04-21T15:58:42-07:00,1,10
style.css,100,css,2cfc384a,Antony Munkhchuluun,2026-04-21,15:58:42,-07:00,2026-04-21T15:58:42-07:00,1,13
style.css,101,css,2cfc384a,Antony Munkhchuluun,2026-04-21,15:58:42,-07:00,2026-04-21T15:58:42-07:00,1,19
style.css,102,css,d7930d30,Antony Munkhchuluun,2026-04-25,23:43:53,-07:00,2026-04-25T23:43:53-07:00,0,0
style.css,103,css,d7930d30,Antony Munkhchuluun,2026-04-25,23:43:53,-07:00,2026-04-25T23:43:53-07:00,0,0
style.css,104,css,d7930d30,Antony Munkhchuluun,2026-04-25,23:43:53,-07:00,2026-04-25T23:43:53-07:00,0,13
style.css,105,css,d7930d30,Antony Munkhchuluun,2026-04-25,23:43:53,-07:00,2026-04-25T23:43:53-07:00,1,10
style.css,106,css,d7930d30,Antony Munkhchuluun,2026-04-25,23:43:53,-07:00,2026-04-25T23:43:53-07:00,1,12
style.css,107,css,bd0dbfd5,Antony Munkhchuluun,2026-04-25,23:46:16,-07:00,2026-04-25T23:46:16-07:00,1,16
style.css,108,css,d7930d30,Antony Munkhchuluun,2026-04-25,23:43:53,-07:00,2026-04-25T23:43:53-07:00,1,16
style.css,109,css,bd0dbfd5,Antony Munkhchuluun,2026-04-25,23:46:16,-07:00,2026-04-25T23:46:16-07:00,0,0
style.css,110,css,bd0dbfd5,Antony Munkhchuluun,2026-04-25,23:46:16,-07:00,2026-04-25T23:46:16-07:00,0,0
style.css,111,css,bd0dbfd5,Antony Munkhchuluun,2026-04-25,23:46:16,-07:00,2026-04-25T23:46:16-07:00,0,5
style.css,112,css,bd0dbfd5,Antony Munkhchuluun,2026-04-25,23:46:16,-07:00,2026-04-25T23:46:16-07:00,1,16
style.css,113,css,bd0dbfd5,Antony Munkhchuluun,2026-04-25,23:46:16,-07:00,2026-04-25T23:46:16-07:00,1,10
style.css,114,css,bd0dbfd5,Antony Munkhchuluun,2026-04-25,23:46:16,-07:00,2026-04-25T23:46:16-07:00,1,20
style.css,115,css,a43d0286,Antony Munkhchuluun,2026-05-01,16:58:27,-07:00,2026-05-01T16:58:27-07:00,0,0
style.css,116,css,a43d0286,Antony Munkhchuluun,2026-05-01,16:58:27,-07:00,2026-05-01T16:58:27-07:00,0,0
style.css,117,css,a43d0286,Antony Munkhchuluun,2026-05-01,16:58:27,-07:00,2026-05-01T16:58:27-07:00,0,13
style.css,118,css,a43d0286,Antony Munkhchuluun,2026-05-01,16:58:27,-07:00,2026-05-01T16:58:27-07:00,1,30
style.css,119,css,a43d0286,Antony Munkhchuluun,2026-05-01,16:58:27,-07:00,2026-05-01T16:58:27-07:00,1,34
style.css,120,css,a43d0286,Antony Munkhchuluun,2026-05-01,16:58:27,-07:00,2026-05-01T16:58:27-07:00,1,17
style.css,121,css,a43d0286,Antony Munkhchuluun,2026-05-01,16:58:27,-07:00,2026-05-01T16:58:27-07:00,1,10
style.css,122,css,a43d0286,Antony Munkhchuluun,2026-05-01,16:58:27,-07:00,2026-05-01T16:58:27-07:00,1,16
style.css,123,css,a43d0286,Antony Munkhchuluun,2026-05-01,16:58:27,-07:00,2026-05-01T16:58:27-07:00,1,14
style.css,124,css,a43d0286,Antony Munkhchuluun,2026-05-01,16:58:27,-07:00,2026-05-01T16:58:27-07:00,0,0
style.css,125,css,a43d0286,Antony Munkhchuluun,2026-05-01,16:58:27,-07:00,2026-05-01T16:58:27-07:00,0,0
style.css,126,css,a43d0286,Antony Munkhchuluun,2026-05-01,16:58:27,-07:00,2026-05-01T16:58:27-07:00,0,18
style.css,127,css,a43d0286,Antony Munkhchuluun,2026-05-01,16:58:27,-07:00,2026-05-01T16:58:27-07:00,2,14
style.css,128,css,a43d0286,Antony Munkhchuluun,2026-05-01,16:58:27,-07:00,2026-05-01T16:58:27-07:00,2,16
style.css,129,css,a43d0286,Antony Munkhchuluun,2026-05-01,16:58:27,-07:00,2026-05-01T16:58:27-07:00,2,16
style.css,130,css,b15fec7e,Antony Munkhchuluun,2026-05-01,17:27:38,-07:00,2026-05-01T17:27:38-07:00,0,0
style.css,131,css,b15fec7e,Antony Munkhchuluun,2026-05-01,17:27:38,-07:00,2026-05-01T17:27:38-07:00,0,0
style.css,132,css,d3c67aa0,Antony Munkhchuluun,2026-05-01,17:39:18,-07:00,2026-05-01T17:39:18-07:00,0,10
style.css,133,css,d3c67aa0,Antony Munkhchuluun,2026-05-01,17:39:18,-07:00,2026-05-01T17:39:18-07:00,2,12
style.css,134,css,d3c67aa0,Antony Munkhchuluun,2026-05-01,17:39:18,-07:00,2026-05-01T17:39:18-07:00,2,18
style.css,135,css,d3c67aa0,Antony Munkhchuluun,2026-05-01,17:39:18,-07:00,2026-05-01T17:39:18-07:00,2,7
style.css,136,css,d3c67aa0,Antony Munkhchuluun,2026-05-01,17:39:18,-07:00,2026-05-01T17:39:18-07:00,0,0
style.css,137,css,d3c67aa0,Antony Munkhchuluun,2026-05-01,17:39:18,-07:00,2026-05-01T17:39:18-07:00,0,0
style.css,138,css,b15fec7e,Antony Munkhchuluun,2026-05-01,17:27:38,-07:00,2026-05-01T17:27:38-07:00,0,7
style.css,139,css,b15fec7e,Antony Munkhchuluun,2026-05-01,17:27:38,-07:00,2026-05-01T17:27:38-07:00,2,12
style.css,140,css,b15fec7e,Antony Munkhchuluun,2026-05-01,17:27:38,-07:00,2026-05-01T17:27:38-07:00,2,57
style.css,141,css,b15fec7e,Antony Munkhchuluun,2026-05-01,17:27:38,-07:00,2026-05-01T17:27:38-07:00,2,15
style.css,142,css,b15fec7e,Antony Munkhchuluun,2026-05-01,17:27:38,-07:00,2026-05-01T17:27:38-07:00,2,11
style.css,143,css,d3c67aa0,Antony Munkhchuluun,2026-05-01,17:39:18,-07:00,2026-05-01T17:39:18-07:00,2,8
style.css,144,css,b15fec7e,Antony Munkhchuluun,2026-05-01,17:27:38,-07:00,2026-05-01T17:27:38-07:00,2,21
style.css,145,css,b15fec7e,Antony Munkhchuluun,2026-05-01,17:27:38,-07:00,2026-05-01T17:27:38-07:00,2,7
style.css,146,css,d3c67aa0,Antony Munkhchuluun,2026-05-01,17:39:18,-07:00,2026-05-01T17:39:18-07:00,2,6
style.css,147,css,b15fec7e,Antony Munkhchuluun,2026-05-01,17:27:38,-07:00,2026-05-01T17:27:38-07:00,0,0
style.css,148,css,b15fec7e,Antony Munkhchuluun,2026-05-01,17:27:38,-07:00,2026-05-01T17:27:38-07:00,0,0
style.css,149,css,b15fec7e,Antony Munkhchuluun,2026-05-01,17:27:38,-07:00,2026-05-01T17:27:38-07:00,0,12
style.css,150,css,b15fec7e,Antony Munkhchuluun,2026-05-01,17:27:38,-07:00,2026-05-01T17:27:38-07:00,2,12
style.css,151,css,b15fec7e,Antony Munkhchuluun,2026-05-01,17:27:38,-07:00,2026-05-01T17:27:38-07:00,2,18
style.css,152,css,b15fec7e,Antony Munkhchuluun,2026-05-01,17:27:38,-07:00,2026-05-01T17:27:38-07:00,2,9
style.css,153,css,b15fec7e,Antony Munkhchuluun,2026-05-01,17:27:38,-07:00,2026-05-01T17:27:38-07:00,0,0
style.css,154,css,b15fec7e,Antony Munkhchuluun,2026-05-01,17:27:38,-07:00,2026-05-01T17:27:38-07:00,0,0
style.css,155,css,b15fec7e,Antony Munkhchuluun,2026-05-01,17:27:38,-07:00,2026-05-01T17:27:38-07:00,0,7
style.css,156,css,b15fec7e,Antony Munkhchuluun,2026-05-01,17:27:38,-07:00,2026-05-01T17:27:38-07:00,2,20
style.css,157,css,b15fec7e,Antony Munkhchuluun,2026-05-01,17:27:38,-07:00,2026-05-01T17:27:38-07:00,2,9
style.css,158,css,b15fec7e,Antony Munkhchuluun,2026-05-01,17:27:38,-07:00,2026-05-01T17:27:38-07:00,2,10
style.css,159,css,37bcf459,Antony Munkhchuluun,2026-05-01,17:34:01,-07:00,2026-05-01T17:34:01-07:00,2,18
style.css,160,css,b15fec7e,Antony Munkhchuluun,2026-05-01,17:27:38,-07:00,2026-05-01T17:27:38-07:00,2,29
style.css,161,css,b15fec7e,Antony Munkhchuluun,2026-05-01,17:27:38,-07:00,2026-05-01T17:27:38-07:00,2,17
style.css,162,css,37bcf459,Antony Munkhchuluun,2026-05-01,17:34:01,-07:00,2026-05-01T17:34:01-07:00,2,13
style.css,163,css,b0f0319f,Antony Munkhchuluun,2026-05-01,18:03:30,-07:00,2026-05-01T18:03:30-07:00,0,0
style.css,164,css,b0f0319f,Antony Munkhchuluun,2026-05-01,18:03:30,-07:00,2026-05-01T18:03:30-07:00,0,0
style.css,165,css,b0f0319f,Antony Munkhchuluun,2026-05-01,18:03:30,-07:00,2026-05-01T18:03:30-07:00,0,36
style.css,166,css,b0f0319f,Antony Munkhchuluun,2026-05-01,18:03:30,-07:00,2026-05-01T18:03:30-07:00,2,11
style.css,167,css,b0f0319f,Antony Munkhchuluun,2026-05-01,18:03:30,-07:00,2026-05-01T18:03:30-07:00,0,0
style.css,168,css,b0f0319f,Antony Munkhchuluun,2026-05-01,18:03:30,-07:00,2026-05-01T18:03:30-07:00,0,0
style.css,169,css,b0f0319f,Antony Munkhchuluun,2026-05-01,18:03:30,-07:00,2026-05-01T18:03:30-07:00,0,4
style.css,170,css,b0f0319f,Antony Munkhchuluun,2026-05-01,18:03:30,-07:00,2026-05-01T18:03:30-07:00,2,16
style.css,171,css,b0f0319f,Antony Munkhchuluun,2026-05-01,18:03:30,-07:00,2026-05-01T18:03:30-07:00,0,0
style.css,172,css,b0f0319f,Antony Munkhchuluun,2026-05-01,18:03:30,-07:00,2026-05-01T18:03:30-07:00,0,0
style.css,173,css,b0f0319f,Antony Munkhchuluun,2026-05-01,18:03:30,-07:00,2026-05-01T18:03:30-07:00,0,9
style.css,174,css,b0f0319f,Antony Munkhchuluun,2026-05-01,18:03:30,-07:00,2026-05-01T18:03:30-07:00,2,35
style.css,175,css,b0f0319f,Antony Munkhchuluun,2026-05-01,18:03:30,-07:00,2026-05-01T18:03:30-07:00,0,0
style.css,176,css,b0f0319f,Antony Munkhchuluun,2026-05-01,18:03:30,-07:00,2026-05-01T18:03:30-07:00,2,10
style.css,177,css,b0f0319f,Antony Munkhchuluun,2026-05-01,18:03:30,-07:00,2026-05-01T18:03:30-07:00,4,17
style.css,178,css,b0f0319f,Antony Munkhchuluun,2026-05-01,18:03:30,-07:00,2026-05-01T18:03:30-07:00,2,0
style.css,179,css,b0f0319f,Antony Munkhchuluun,2026-05-01,18:03:30,-07:00,2026-05-01T18:03:30-07:00,0,0
style.css,180,css,b0f0319f,Antony Munkhchuluun,2026-05-01,18:03:30,-07:00,2026-05-01T18:03:30-07:00,0,0
style.css,181,css,b0f0319f,Antony Munkhchuluun,2026-05-01,18:03:30,-07:00,2026-05-01T18:03:30-07:00,0,4
style.css,182,css,b0f0319f,Antony Munkhchuluun,2026-05-01,18:03:30,-07:00,2026-05-01T18:03:30-07:00,2,16
style.css,183,css,b0f0319f,Antony Munkhchuluun,2026-05-01,18:03:30,-07:00,2026-05-01T18:03:30-07:00,2,14
style.css,184,css,aea3d98c,Antony Munkhchuluun,2026-04-06,20:44:04,-07:00,2026-04-06T20:44:04-07:00,0,0
index.js,1,js,552747cf,Antony Munkhchuluun,2026-04-25,23:24:17,-07:00,2026-04-25T23:24:17-07:00,0,70
index.js,2,js,d400ab44,Antony Munkhchuluun,2026-04-25,22:50:00,-07:00,2026-04-25T22:50:00-07:00,0,0
index.js,3,js,d400ab44,Antony Munkhchuluun,2026-04-25,22:50:00,-07:00,2026-04-25T22:50:00-07:00,0,54
index.js,4,js,d400ab44,Antony Munkhchuluun,2026-04-25,22:50:00,-07:00,2026-04-25T22:50:00-07:00,0,42
index.js,5,js,d400ab44,Antony Munkhchuluun,2026-04-25,22:50:00,-07:00,2026-04-25T22:50:00-07:00,0,0
index.js,6,js,d400ab44,Antony Munkhchuluun,2026-04-25,22:50:00,-07:00,2026-04-25T22:50:00-07:00,0,60
index.js,7,js,552747cf,Antony Munkhchuluun,2026-04-25,23:24:17,-07:00,2026-04-25T23:24:17-07:00,0,54
index.js,8,js,552747cf,Antony Munkhchuluun,2026-04-25,23:24:17,-07:00,2026-04-25T23:24:17-07:00,0,0
index.js,9,js,552747cf,Antony Munkhchuluun,2026-04-25,23:24:17,-07:00,2026-04-25T23:24:17-07:00,0,56
index.js,10,js,552747cf,Antony Munkhchuluun,2026-04-25,23:24:17,-07:00,2026-04-25T23:24:17-07:00,0,0
index.js,11,js,552747cf,Antony Munkhchuluun,2026-04-25,23:24:17,-07:00,2026-04-25T23:24:17-07:00,0,60
index.js,12,js,552747cf,Antony Munkhchuluun,2026-04-25,23:24:17,-07:00,2026-04-25T23:24:17-07:00,0,0
index.js,13,js,27548b81,Antony Munkhchuluun,2026-04-25,23:37:14,-07:00,2026-04-25T23:37:14-07:00,0,24
index.js,14,js,27548b81,Antony Munkhchuluun,2026-04-25,23:37:14,-07:00,2026-04-25T23:37:14-07:00,1,22
index.js,15,js,27548b81,Antony Munkhchuluun,2026-04-25,23:37:14,-07:00,2026-04-25T23:37:14-07:00,1,2
index.js,16,js,27548b81,Antony Munkhchuluun,2026-04-25,23:37:14,-07:00,2026-04-25T23:37:14-07:00,2,54
index.js,17,js,27548b81,Antony Munkhchuluun,2026-04-25,23:37:14,-07:00,2026-04-25T23:37:14-07:00,2,54
index.js,18,js,27548b81,Antony Munkhchuluun,2026-04-25,23:37:14,-07:00,2026-04-25T23:37:14-07:00,2,48
index.js,19,js,27548b81,Antony Munkhchuluun,2026-04-25,23:37:14,-07:00,2026-04-25T23:37:14-07:00,2,48
index.js,20,js,27548b81,Antony Munkhchuluun,2026-04-25,23:37:14,-07:00,2026-04-25T23:37:14-07:00,1,3
index.js,21,js,27548b81,Antony Munkhchuluun,2026-04-25,23:37:14,-07:00,2026-04-25T23:37:14-07:00,0,0
index.html,1,html,65f64c48,Antony Munkhchuluun,2026-04-06,13:50:05,-07:00,2026-04-06T13:50:05-07:00,0,13
index.html,2,html,65f64c48,Antony Munkhchuluun,2026-04-06,13:50:05,-07:00,2026-04-06T13:50:05-07:00,0,14
index.html,3,html,65f64c48,Antony Munkhchuluun,2026-04-06,13:50:05,-07:00,2026-04-06T13:50:05-07:00,0,4
index.html,4,html,65f64c48,Antony Munkhchuluun,2026-04-06,13:50:05,-07:00,2026-04-06T13:50:05-07:00,2,20
index.html,5,html,65f64c48,Antony Munkhchuluun,2026-04-06,13:50:05,-07:00,2026-04-06T13:50:05-07:00,2,68
index.html,6,html,65f64c48,Antony Munkhchuluun,2026-04-06,13:50:05,-07:00,2026-04-06T13:50:05-07:00,2,61
index.html,7,html,b585b714,Antony Munkhchuluun,2026-04-12,18:57:04,-07:00,2026-04-12T18:57:04-07:00,2,38
index.html,8,html,61ecd0fd,Antony Munkhchuluun,2026-04-21,12:53:18,-07:00,2026-04-21T12:53:18-07:00,2,45
index.html,9,html,65f64c48,Antony Munkhchuluun,2026-04-06,13:50:05,-07:00,2026-04-06T13:50:05-07:00,0,5
index.html,10,html,65f64c48,Antony Munkhchuluun,2026-04-06,13:50:05,-07:00,2026-04-06T13:50:05-07:00,0,4
index.html,11,html,65f64c48,Antony Munkhchuluun,2026-04-06,13:50:05,-07:00,2026-04-06T13:50:05-07:00,2,26
index.html,12,html,1898eec6,Antony Munkhchuluun,2026-04-12,22:29:25,-07:00,2026-04-12T22:29:25-07:00,2,159
index.html,13,html,1898eec6,Antony Munkhchuluun,2026-04-12,22:29:25,-07:00,2026-04-12T22:29:25-07:00,2,74
index.html,14,html,aea3d98c,Antony Munkhchuluun,2026-04-06,20:44:04,-07:00,2026-04-06T20:44:04-07:00,2,44
index.html,15,html,552747cf,Antony Munkhchuluun,2026-04-25,23:24:17,-07:00,2026-04-25T23:24:17-07:00,2,22
index.html,16,html,552747cf,Antony Munkhchuluun,2026-04-25,23:24:17,-07:00,2026-04-25T23:24:17-07:00,2,20
index.html,17,html,552747cf,Antony Munkhchuluun,2026-04-25,23:24:17,-07:00,2026-04-25T23:24:17-07:00,4,49
index.html,18,html,552747cf,Antony Munkhchuluun,2026-04-25,23:24:17,-07:00,2026-04-25T23:24:17-07:00,2,4
index.html,19,html,552747cf,Antony Munkhchuluun,2026-04-25,23:24:17,-07:00,2026-04-25T23:24:17-07:00,0,0
index.html,20,html,552747cf,Antony Munkhchuluun,2026-04-25,23:24:17,-07:00,2026-04-25T23:24:17-07:00,2,50
index.html,21,html,aea3d98c,Antony Munkhchuluun,2026-04-06,20:44:04,-07:00,2026-04-06T20:44:04-07:00,2,0
index.html,22,html,65f64c48,Antony Munkhchuluun,2026-04-06,13:50:05,-07:00,2026-04-06T13:50:05-07:00,0,5
index.html,23,html,65f64c48,Antony Munkhchuluun,2026-04-06,13:50:05,-07:00,2026-04-06T13:50:05-07:00,0,5
global.js,1,js,53fb4ef1,Antony Munkhchuluun,2026-04-21,12:43:03,-07:00,2026-04-21T12:43:03-07:00,0,25
global.js,2,js,53fb4ef1,Antony Munkhchuluun,2026-04-21,12:43:03,-07:00,2026-04-21T12:43:03-07:00,0,0
global.js,3,js,53fb4ef1,Antony Munkhchuluun,2026-04-21,12:43:03,-07:00,2026-04-21T12:43:03-07:00,0,41
global.js,4,js,53fb4ef1,Antony Munkhchuluun,2026-04-21,12:43:03,-07:00,2026-04-21T12:43:03-07:00,1,52
global.js,5,js,8653c1c1,Antony Munkhchuluun,2026-04-21,15:08:43,-07:00,2026-04-21T15:08:43-07:00,0,0
global.js,6,js,8653c1c1,Antony Munkhchuluun,2026-04-21,15:08:43,-07:00,2026-04-21T15:08:43-07:00,0,0
global.js,7,js,86c2523c,Antony Munkhchuluun,2026-04-21,15:33:57,-07:00,2026-04-21T15:33:57-07:00,0,88
global.js,8,js,86c2523c,Antony Munkhchuluun,2026-04-21,15:33:57,-07:00,2026-04-21T15:33:57-07:00,1,3
global.js,9,js,86c2523c,Antony Munkhchuluun,2026-04-21,15:33:57,-07:00,2026-04-21T15:33:57-07:00,1,14
global.js,10,js,8653c1c1,Antony Munkhchuluun,2026-04-21,15:08:43,-07:00,2026-04-21T15:08:43-07:00,0,0
global.js,11,js,86c2523c,Antony Munkhchuluun,2026-04-21,15:33:57,-07:00,2026-04-21T15:33:57-07:00,0,11
global.js,12,js,86c2523c,Antony Munkhchuluun,2026-04-21,15:33:57,-07:00,2026-04-21T15:33:57-07:00,1,25
global.js,13,js,86c2523c,Antony Munkhchuluun,2026-04-21,15:33:57,-07:00,2026-04-21T15:33:57-07:00,1,38
global.js,14,js,86c2523c,Antony Munkhchuluun,2026-04-21,15:33:57,-07:00,2026-04-21T15:33:57-07:00,1,36
global.js,15,js,86c2523c,Antony Munkhchuluun,2026-04-21,15:33:57,-07:00,2026-04-21T15:33:57-07:00,1,34
global.js,16,js,00000000,Not Committed Yet,2026-05-08,19:40:36,-07:00,2026-05-08T19:40:36-07:00,1,30
global.js,17,js,86c2523c,Antony Munkhchuluun,2026-04-21,15:33:57,-07:00,2026-04-21T15:33:57-07:00,1,59
global.js,18,js,86c2523c,Antony Munkhchuluun,2026-04-21,15:33:57,-07:00,2026-04-21T15:33:57-07:00,0,0
global.js,19,js,8653c1c1,Antony Munkhchuluun,2026-04-21,15:08:43,-07:00,2026-04-21T15:08:43-07:00,0,0
global.js,20,js,86c2523c,Antony Munkhchuluun,2026-04-21,15:33:57,-07:00,2026-04-21T15:33:57-07:00,0,38
global.js,21,js,86c2523c,Antony Munkhchuluun,2026-04-21,15:33:57,-07:00,2026-04-21T15:33:57-07:00,0,25
global.js,22,js,86c2523c,Antony Munkhchuluun,2026-04-21,15:33:57,-07:00,2026-04-21T15:33:57-07:00,0,0
global.js,23,js,86c2523c,Antony Munkhchuluun,2026-04-21,15:33:57,-07:00,2026-04-21T15:33:57-07:00,0,20
global.js,24,js,86c2523c,Antony Munkhchuluun,2026-04-21,15:33:57,-07:00,2026-04-21T15:33:57-07:00,1,14
global.js,25,js,86c2523c,Antony Munkhchuluun,2026-04-21,15:33:57,-07:00,2026-04-21T15:33:57-07:00,1,18
global.js,26,js,86c2523c,Antony Munkhchuluun,2026-04-21,15:33:57,-07:00,2026-04-21T15:33:57-07:00,0,0
global.js,27,js,86c2523c,Antony Munkhchuluun,2026-04-21,15:33:57,-07:00,2026-04-21T15:33:57-07:00,1,52
global.js,28,js,86c2523c,Antony Munkhchuluun,2026-04-21,15:33:57,-07:00,2026-04-21T15:33:57-07:00,0,0
global.js,29,js,86c2523c,Antony Munkhchuluun,2026-04-21,15:33:57,-07:00,2026-04-21T15:33:57-07:00,1,34
global.js,30,js,86c2523c,Antony Munkhchuluun,2026-04-21,15:33:57,-07:00,2026-04-21T15:33:57-07:00,1,11
global.js,31,js,86c2523c,Antony Munkhchuluun,2026-04-21,15:33:57,-07:00,2026-04-21T15:33:57-07:00,1,20
global.js,32,js,86c2523c,Antony Munkhchuluun,2026-04-21,15:33:57,-07:00,2026-04-21T15:33:57-07:00,1,12
global.js,33,js,86c2523c,Antony Munkhchuluun,2026-04-21,15:33:57,-07:00,2026-04-21T15:33:57-07:00,0,0
global.js,34,js,86c2523c,Antony Munkhchuluun,2026-04-21,15:33:57,-07:00,2026-04-21T15:33:57-07:00,1,90
global.js,35,js,86c2523c,Antony Munkhchuluun,2026-04-21,15:33:57,-07:00,2026-04-21T15:33:57-07:00,1,52
global.js,36,js,86c2523c,Antony Munkhchuluun,2026-04-21,15:33:57,-07:00,2026-04-21T15:33:57-07:00,1,50
global.js,37,js,2cfc384a,Antony Munkhchuluun,2026-04-21,15:58:42,-07:00,2026-04-21T15:58:42-07:00,0,0
global.js,38,js,2cfc384a,Antony Munkhchuluun,2026-04-21,15:58:42,-07:00,2026-04-21T15:58:42-07:00,0,0
global.js,39,js,2cfc384a,Antony Munkhchuluun,2026-04-21,15:58:42,-07:00,2026-04-21T15:58:42-07:00,0,31
global.js,40,js,2cfc384a,Antony Munkhchuluun,2026-04-21,15:58:42,-07:00,2026-04-21T15:58:42-07:00,1,11
global.js,41,js,2cfc384a,Antony Munkhchuluun,2026-04-21,15:58:42,-07:00,2026-04-21T15:58:42-07:00,1,27
global.js,42,js,2cfc384a,Antony Munkhchuluun,2026-04-21,15:58:42,-07:00,2026-04-21T15:58:42-07:00,2,4
global.js,43,js,2cfc384a,Antony Munkhchuluun,2026-04-21,15:58:42,-07:00,2026-04-21T15:58:42-07:00,2,6
global.js,44,js,2cfc384a,Antony Munkhchuluun,2026-04-21,15:58:42,-07:00,2026-04-21T15:58:42-07:00,3,43
global.js,45,js,2cfc384a,Antony Munkhchuluun,2026-04-21,15:58:42,-07:00,2026-04-21T15:58:42-07:00,3,34
global.js,46,js,2cfc384a,Antony Munkhchuluun,2026-04-21,15:58:42,-07:00,2026-04-21T15:58:42-07:00,3,32
global.js,47,js,2cfc384a,Antony Munkhchuluun,2026-04-21,15:58:42,-07:00,2026-04-21T15:58:42-07:00,2,7
global.js,48,js,2cfc384a,Antony Munkhchuluun,2026-04-21,15:58:42,-07:00,2026-04-21T15:58:42-07:00,1,8
global.js,49,js,2cfc384a,Antony Munkhchuluun,2026-04-21,15:58:42,-07:00,2026-04-21T15:58:42-07:00,0,0
global.js,50,js,2cfc384a,Antony Munkhchuluun,2026-04-21,15:58:42,-07:00,2026-04-21T15:58:42-07:00,0,0
global.js,51,js,2cfc384a,Antony Munkhchuluun,2026-04-21,15:58:42,-07:00,2026-04-21T15:58:42-07:00,0,58
global.js,52,js,2cfc384a,Antony Munkhchuluun,2026-04-21,15:58:42,-07:00,2026-04-21T15:58:42-07:00,0,0
global.js,53,js,2cfc384a,Antony Munkhchuluun,2026-04-21,15:58:42,-07:00,2026-04-21T15:58:42-07:00,0,49
global.js,54,js,2cfc384a,Antony Munkhchuluun,2026-04-21,15:58:42,-07:00,2026-04-21T15:58:42-07:00,1,77
global.js,55,js,00860079,Antony Munkhchuluun,2026-04-21,16:29:14,-07:00,2026-04-21T16:29:14-07:00,0,1
global.js,56,js,00860079,Antony Munkhchuluun,2026-04-21,16:29:14,-07:00,2026-04-21T16:29:14-07:00,0,0
global.js,57,js,00860079,Antony Munkhchuluun,2026-04-21,16:29:14,-07:00,2026-04-21T16:29:14-07:00,0,34
global.js,58,js,00860079,Antony Munkhchuluun,2026-04-21,16:29:14,-07:00,2026-04-21T16:29:14-07:00,1,83
global.js,59,js,00860079,Antony Munkhchuluun,2026-04-21,16:29:14,-07:00,2026-04-21T16:29:14-07:00,1,38
global.js,60,js,00860079,Antony Munkhchuluun,2026-04-21,16:29:14,-07:00,2026-04-21T16:29:14-07:00,0,0
global.js,61,js,00860079,Antony Munkhchuluun,2026-04-21,16:29:14,-07:00,2026-04-21T16:29:14-07:00,0,0
global.js,62,js,00860079,Antony Munkhchuluun,2026-04-21,16:29:14,-07:00,2026-04-21T16:29:14-07:00,0,49
global.js,63,js,00860079,Antony Munkhchuluun,2026-04-21,16:29:14,-07:00,2026-04-21T16:29:14-07:00,1,77
global.js,64,js,00860079,Antony Munkhchuluun,2026-04-21,16:29:14,-07:00,2026-04-21T16:29:14-07:00,1,44
global.js,65,js,00860079,Antony Munkhchuluun,2026-04-21,16:29:14,-07:00,2026-04-21T16:29:14-07:00,0,1
global.js,66,js,00860079,Antony Munkhchuluun,2026-04-21,16:29:14,-07:00,2026-04-21T16:29:14-07:00,0,0
global.js,67,js,00860079,Antony Munkhchuluun,2026-04-21,16:29:14,-07:00,2026-04-21T16:29:14-07:00,0,40
global.js,68,js,00860079,Antony Munkhchuluun,2026-04-21,16:29:14,-07:00,2026-04-21T16:29:14-07:00,0,0
global.js,69,js,00860079,Antony Munkhchuluun,2026-04-21,16:29:14,-07:00,2026-04-21T16:29:14-07:00,0,49
global.js,70,js,00860079,Antony Munkhchuluun,2026-04-21,16:29:14,-07:00,2026-04-21T16:29:14-07:00,1,21
global.js,71,js,00860079,Antony Munkhchuluun,2026-04-21,16:29:14,-07:00,2026-04-21T16:29:14-07:00,0,0
global.js,72,js,00860079,Antony Munkhchuluun,2026-04-21,16:29:14,-07:00,2026-04-21T16:29:14-07:00,1,28
global.js,73,js,00860079,Antony Munkhchuluun,2026-04-21,16:29:14,-07:00,2026-04-21T16:29:14-07:00,1,26
global.js,74,js,00860079,Antony Munkhchuluun,2026-04-21,16:29:14,-07:00,2026-04-21T16:29:14-07:00,0,0
global.js,75,js,00860079,Antony Munkhchuluun,2026-04-21,16:29:14,-07:00,2026-04-21T16:29:14-07:00,1,31
global.js,76,js,00860079,Antony Munkhchuluun,2026-04-21,16:29:14,-07:00,2026-04-21T16:29:14-07:00,2,45
global.js,77,js,00860079,Antony Munkhchuluun,2026-04-21,16:29:14,-07:00,2026-04-21T16:29:14-07:00,1,0
global.js,78,js,00860079,Antony Munkhchuluun,2026-04-21,16:29:14,-07:00,2026-04-21T16:29:14-07:00,0,0
global.js,79,js,00860079,Antony Munkhchuluun,2026-04-21,16:29:14,-07:00,2026-04-21T16:29:14-07:00,1,18
global.js,80,js,d400ab44,Antony Munkhchuluun,2026-04-25,22:50:00,-07:00,2026-04-25T22:50:00-07:00,0,1
global.js,81,js,d400ab44,Antony Munkhchuluun,2026-04-25,22:50:00,-07:00,2026-04-25T22:50:00-07:00,0,0
global.js,82,js,d400ab44,Antony Munkhchuluun,2026-04-25,22:50:00,-07:00,2026-04-25T22:50:00-07:00,0,36
global.js,83,js,d400ab44,Antony Munkhchuluun,2026-04-25,22:50:00,-07:00,2026-04-25T22:50:00-07:00,1,3
global.js,84,js,d400ab44,Antony Munkhchuluun,2026-04-25,22:50:00,-07:00,2026-04-25T22:50:00-07:00,2,39
global.js,85,js,d400ab44,Antony Munkhchuluun,2026-04-25,22:50:00,-07:00,2026-04-25T22:50:00-07:00,2,32
global.js,86,js,d400ab44,Antony Munkhchuluun,2026-04-25,22:50:00,-07:00,2026-04-25T22:50:00-07:00,2,0
global.js,87,js,d400ab44,Antony Munkhchuluun,2026-04-25,22:50:00,-07:00,2026-04-25T22:50:00-07:00,2,17
global.js,88,js,d400ab44,Antony Munkhchuluun,2026-04-25,22:50:00,-07:00,2026-04-25T22:50:00-07:00,3,66
global.js,89,js,d400ab44,Antony Munkhchuluun,2026-04-25,22:50:00,-07:00,2026-04-25T22:50:00-07:00,2,0
global.js,90,js,d400ab44,Antony Munkhchuluun,2026-04-25,22:50:00,-07:00,2026-04-25T22:50:00-07:00,2,0
global.js,91,js,d400ab44,Antony Munkhchuluun,2026-04-25,22:50:00,-07:00,2026-04-25T22:50:00-07:00,2,33
global.js,92,js,d400ab44,Antony Munkhchuluun,2026-04-25,22:50:00,-07:00,2026-04-25T22:50:00-07:00,2,10
global.js,93,js,d400ab44,Antony Munkhchuluun,2026-04-25,22:50:00,-07:00,2026-04-25T22:50:00-07:00,1,15
global.js,94,js,d400ab44,Antony Munkhchuluun,2026-04-25,22:50:00,-07:00,2026-04-25T22:50:00-07:00,2,59
global.js,95,js,d400ab44,Antony Munkhchuluun,2026-04-25,22:50:00,-07:00,2026-04-25T22:50:00-07:00,1,0
global.js,96,js,d400ab44,Antony Munkhchuluun,2026-04-25,22:50:00,-07:00,2026-04-25T22:50:00-07:00,0,0
global.js,97,js,d400ab44,Antony Munkhchuluun,2026-04-25,22:50:00,-07:00,2026-04-25T22:50:00-07:00,0,0
global.js,98,js,d400ab44,Antony Munkhchuluun,2026-04-25,22:50:00,-07:00,2026-04-25T22:50:00-07:00,0,79
global.js,99,js,d400ab44,Antony Munkhchuluun,2026-04-25,22:50:00,-07:00,2026-04-25T22:50:00-07:00,1,30
global.js,100,js,d400ab44,Antony Munkhchuluun,2026-04-25,22:50:00,-07:00,2026-04-25T22:50:00-07:00,1,0
global.js,101,js,d400ab44,Antony Munkhchuluun,2026-04-25,22:50:00,-07:00,2026-04-25T22:50:00-07:00,1,31
global.js,102,js,d400ab44,Antony Munkhchuluun,2026-04-25,22:50:00,-07:00,2026-04-25T22:50:00-07:00,2,48
global.js,103,js,d400ab44,Antony Munkhchuluun,2026-04-25,22:50:00,-07:00,2026-04-25T22:50:00-07:00,2,0
global.js,104,js,d400ab44,Antony Munkhchuluun,2026-04-25,22:50:00,-07:00,2026-04-25T22:50:00-07:00,2,19
global.js,105,js,d400ab44,Antony Munkhchuluun,2026-04-25,22:50:00,-07:00,2026-04-25T22:50:00-07:00,3,49
global.js,106,js,d400ab44,Antony Munkhchuluun,2026-04-25,22:50:00,-07:00,2026-04-25T22:50:00-07:00,3,49
global.js,107,js,bd0dbfd5,Antony Munkhchuluun,2026-04-25,23:46:16,-07:00,2026-04-25T23:46:16-07:00,3,33
global.js,108,js,d400ab44,Antony Munkhchuluun,2026-04-25,22:50:00,-07:00,2026-04-25T22:50:00-07:00,3,27
global.js,109,js,d400ab44,Antony Munkhchuluun,2026-04-25,22:50:00,-07:00,2026-04-25T22:50:00-07:00,2,0
global.js,110,js,d400ab44,Antony Munkhchuluun,2026-04-25,22:50:00,-07:00,2026-04-25T22:50:00-07:00,2,0
global.js,111,js,d400ab44,Antony Munkhchuluun,2026-04-25,22:50:00,-07:00,2026-04-25T22:50:00-07:00,2,36
global.js,112,js,d400ab44,Antony Munkhchuluun,2026-04-25,22:50:00,-07:00,2026-04-25T22:50:00-07:00,1,0
global.js,113,js,552747cf,Antony Munkhchuluun,2026-04-25,23:24:17,-07:00,2026-04-25T23:24:17-07:00,0,0
global.js,114,js,552747cf,Antony Munkhchuluun,2026-04-25,23:24:17,-07:00,2026-04-25T23:24:17-07:00,0,0
global.js,115,js,552747cf,Antony Munkhchuluun,2026-04-25,23:24:17,-07:00,2026-04-25T23:24:17-07:00,0,47
global.js,116,js,552747cf,Antony Munkhchuluun,2026-04-25,23:24:17,-07:00,2026-04-25T23:24:17-07:00,1,59
global.js,117,js,d400ab44,Antony Munkhchuluun,2026-04-25,22:50:00,-07:00,2026-04-25T22:50:00-07:00,0,0
projects/projects.js,1,js,d400ab44,Antony Munkhchuluun,2026-04-25,22:50:00,-07:00,2026-04-25T22:50:00-07:00,0,55
projects/projects.js,2,js,8da1b99b,Antony Munkhchuluun,2026-05-01,17:14:56,-07:00,2026-05-01T17:14:56-07:00,0,63
projects/projects.js,3,js,d400ab44,Antony Munkhchuluun,2026-04-25,22:50:00,-07:00,2026-04-25T22:50:00-07:00,0,0
projects/projects.js,4,js,d400ab44,Antony Munkhchuluun,2026-04-25,22:50:00,-07:00,2026-04-25T22:50:00-07:00,0,55
projects/projects.js,5,js,d400ab44,Antony Munkhchuluun,2026-04-25,22:50:00,-07:00,2026-04-25T22:50:00-07:00,0,0
projects/projects.js,6,js,b9bdf11b,Antony Munkhchuluun,2026-04-25,23:38:50,-07:00,2026-04-25T23:38:50-07:00,0,62
projects/projects.js,7,js,d400ab44,Antony Munkhchuluun,2026-04-25,22:50:00,-07:00,2026-04-25T22:50:00-07:00,0,56
projects/projects.js,8,js,d400ab44,Antony Munkhchuluun,2026-04-25,22:50:00,-07:00,2026-04-25T22:50:00-07:00,0,0
projects/projects.js,9,js,b9bdf11b,Antony Munkhchuluun,2026-04-25,23:38:50,-07:00,2026-04-25T23:38:50-07:00,0,60
projects/projects.js,10,js,f5b5149d,Antony Munkhchuluun,2026-05-01,17:03:43,-07:00,2026-05-01T17:03:43-07:00,0,0
projects/projects.js,11,js,8da1b99b,Antony Munkhchuluun,2026-05-01,17:14:56,-07:00,2026-05-01T17:14:56-07:00,0,57
projects/projects.js,12,js,bb66dc97,Antony Munkhchuluun,2026-05-01,17:24:28,-07:00,2026-05-01T17:24:28-07:00,0,47
projects/projects.js,13,js,a48d3dd2,Antony Munkhchuluun,2026-05-01,18:16:36,-07:00,2026-05-01T18:16:36-07:00,0,21
projects/projects.js,14,js,f5b5149d,Antony Munkhchuluun,2026-05-01,17:03:43,-07:00,2026-05-01T17:03:43-07:00,0,0
projects/projects.js,15,js,122a7f6d,Antony Munkhchuluun,2026-05-01,17:53:56,-07:00,2026-05-01T17:53:56-07:00,0,38
projects/projects.js,16,js,122a7f6d,Antony Munkhchuluun,2026-05-01,17:53:56,-07:00,2026-05-01T17:53:56-07:00,2,46
projects/projects.js,17,js,122a7f6d,Antony Munkhchuluun,2026-05-01,17:53:56,-07:00,2026-05-01T17:53:56-07:00,2,32
projects/projects.js,18,js,122a7f6d,Antony Munkhchuluun,2026-05-01,17:53:56,-07:00,2026-05-01T17:53:56-07:00,2,44
projects/projects.js,19,js,f362200f,Antony Munkhchuluun,2026-05-01,17:47:34,-07:00,2026-05-01T17:47:34-07:00,0,0
projects/projects.js,20,js,122a7f6d,Antony Munkhchuluun,2026-05-01,17:53:56,-07:00,2026-05-01T17:53:56-07:00,2,29
projects/projects.js,21,js,122a7f6d,Antony Munkhchuluun,2026-05-01,17:53:56,-07:00,2026-05-01T17:53:56-07:00,4,12
projects/projects.js,22,js,122a7f6d,Antony Munkhchuluun,2026-05-01,17:53:56,-07:00,2026-05-01T17:53:56-07:00,4,14
projects/projects.js,23,js,122a7f6d,Antony Munkhchuluun,2026-05-01,17:53:56,-07:00,2026-05-01T17:53:56-07:00,4,12
projects/projects.js,24,js,122a7f6d,Antony Munkhchuluun,2026-05-01,17:53:56,-07:00,2026-05-01T17:53:56-07:00,2,0
projects/projects.js,25,js,122a7f6d,Antony Munkhchuluun,2026-05-01,17:53:56,-07:00,2026-05-01T17:53:56-07:00,0,0
projects/projects.js,26,js,122a7f6d,Antony Munkhchuluun,2026-05-01,17:53:56,-07:00,2026-05-01T17:53:56-07:00,2,50
projects/projects.js,27,js,122a7f6d,Antony Munkhchuluun,2026-05-01,17:53:56,-07:00,2026-05-01T17:53:56-07:00,4,35
projects/projects.js,28,js,122a7f6d,Antony Munkhchuluun,2026-05-01,17:53:56,-07:00,2026-05-01T17:53:56-07:00,2,1
projects/projects.js,29,js,122a7f6d,Antony Munkhchuluun,2026-05-01,17:53:56,-07:00,2026-05-01T17:53:56-07:00,0,0
projects/projects.js,30,js,122a7f6d,Antony Munkhchuluun,2026-05-01,17:53:56,-07:00,2026-05-01T17:53:56-07:00,2,53
projects/projects.js,31,js,122a7f6d,Antony Munkhchuluun,2026-05-01,17:53:56,-07:00,2026-05-01T17:53:56-07:00,2,42
projects/projects.js,32,js,122a7f6d,Antony Munkhchuluun,2026-05-01,17:53:56,-07:00,2026-05-01T17:53:56-07:00,2,51
projects/projects.js,33,js,122a7f6d,Antony Munkhchuluun,2026-05-01,17:53:56,-07:00,2026-05-01T17:53:56-07:00,0,0
projects/projects.js,34,js,122a7f6d,Antony Munkhchuluun,2026-05-01,17:53:56,-07:00,2026-05-01T17:53:56-07:00,2,29
projects/projects.js,35,js,122a7f6d,Antony Munkhchuluun,2026-05-01,17:53:56,-07:00,2026-05-01T17:53:56-07:00,4,19
projects/projects.js,36,js,122a7f6d,Antony Munkhchuluun,2026-05-01,17:53:56,-07:00,2026-05-01T17:53:56-07:00,6,13
projects/projects.js,37,js,b0f0319f,Antony Munkhchuluun,2026-05-01,18:03:30,-07:00,2026-05-01T18:03:30-07:00,6,24
projects/projects.js,38,js,b0f0319f,Antony Munkhchuluun,2026-05-01,18:03:30,-07:00,2026-05-01T18:03:30-07:00,6,18
projects/projects.js,39,js,b0f0319f,Antony Munkhchuluun,2026-05-01,18:03:30,-07:00,2026-05-01T18:03:30-07:00,8,47
projects/projects.js,40,js,f362200f,Antony Munkhchuluun,2026-05-01,17:47:34,-07:00,2026-05-01T17:47:34-07:00,0,0
projects/projects.js,41,js,b0f0319f,Antony Munkhchuluun,2026-05-01,18:03:30,-07:00,2026-05-01T18:03:30-07:00,8,22
projects/projects.js,42,js,b0f0319f,Antony Munkhchuluun,2026-05-01,18:03:30,-07:00,2026-05-01T18:03:30-07:00,10,62
projects/projects.js,43,js,b0f0319f,Antony Munkhchuluun,2026-05-01,18:03:30,-07:00,2026-05-01T18:03:30-07:00,0,0
projects/projects.js,44,js,b0f0319f,Antony Munkhchuluun,2026-05-01,18:03:30,-07:00,2026-05-01T18:03:30-07:00,8,20
projects/projects.js,45,js,b0f0319f,Antony Munkhchuluun,2026-05-01,18:03:30,-07:00,2026-05-01T18:03:30-07:00,10,85
projects/projects.js,46,js,697c20b9,Antony Munkhchuluun,2026-05-01,18:11:07,-07:00,2026-05-01T18:11:07-07:00,0,0
projects/projects.js,47,js,697c20b9,Antony Munkhchuluun,2026-05-01,18:11:07,-07:00,2026-05-01T18:11:07-07:00,8,25
projects/projects.js,48,js,697c20b9,Antony Munkhchuluun,2026-05-01,18:11:07,-07:00,2026-05-01T18:11:07-07:00,10,53
projects/projects.js,49,js,697c20b9,Antony Munkhchuluun,2026-05-01,18:11:07,-07:00,2026-05-01T18:11:07-07:00,8,6
projects/projects.js,50,js,697c20b9,Antony Munkhchuluun,2026-05-01,18:11:07,-07:00,2026-05-01T18:11:07-07:00,10,46
projects/projects.js,51,js,697c20b9,Antony Munkhchuluun,2026-05-01,18:11:07,-07:00,2026-05-01T18:11:07-07:00,10,74
projects/projects.js,52,js,697c20b9,Antony Munkhchuluun,2026-05-01,18:11:07,-07:00,2026-05-01T18:11:07-07:00,10,56
projects/projects.js,53,js,697c20b9,Antony Munkhchuluun,2026-05-01,18:11:07,-07:00,2026-05-01T18:11:07-07:00,8,0
projects/projects.js,54,js,b0f0319f,Antony Munkhchuluun,2026-05-01,18:03:30,-07:00,2026-05-01T18:03:30-07:00,6,1
projects/projects.js,55,js,b0f0319f,Antony Munkhchuluun,2026-05-01,18:03:30,-07:00,2026-05-01T18:03:30-07:00,2,1
projects/projects.js,56,js,697c20b9,Antony Munkhchuluun,2026-05-01,18:11:07,-07:00,2026-05-01T18:11:07-07:00,0,0
projects/projects.js,57,js,122a7f6d,Antony Munkhchuluun,2026-05-01,17:53:56,-07:00,2026-05-01T17:53:56-07:00,2,32
projects/projects.js,58,js,122a7f6d,Antony Munkhchuluun,2026-05-01,17:53:56,-07:00,2026-05-01T17:53:56-07:00,2,27
projects/projects.js,59,js,122a7f6d,Antony Munkhchuluun,2026-05-01,17:53:56,-07:00,2026-05-01T17:53:56-07:00,4,4
projects/projects.js,60,js,122a7f6d,Antony Munkhchuluun,2026-05-01,17:53:56,-07:00,2026-05-01T17:53:56-07:00,6,11
projects/projects.js,61,js,122a7f6d,Antony Munkhchuluun,2026-05-01,17:53:56,-07:00,2026-05-01T17:53:56-07:00,6,38
projects/projects.js,62,js,122a7f6d,Antony Munkhchuluun,2026-05-01,17:53:56,-07:00,2026-05-01T17:53:56-07:00,6,27
projects/projects.js,63,js,122a7f6d,Antony Munkhchuluun,2026-05-01,17:53:56,-07:00,2026-05-01T17:53:56-07:00,6,69
projects/projects.js,64,js,122a7f6d,Antony Munkhchuluun,2026-05-01,17:53:56,-07:00,2026-05-01T17:53:56-07:00,2,1
projects/projects.js,65,js,122a7f6d,Antony Munkhchuluun,2026-05-01,17:53:56,-07:00,2026-05-01T17:53:56-07:00,0,0
projects/projects.js,66,js,122a7f6d,Antony Munkhchuluun,2026-05-01,17:53:56,-07:00,2026-05-01T17:53:56-07:00,0,0
projects/projects.js,67,js,122a7f6d,Antony Munkhchuluun,2026-05-01,17:53:56,-07:00,2026-05-01T17:53:56-07:00,0,48
projects/projects.js,68,js,122a7f6d,Antony Munkhchuluun,2026-05-01,17:53:56,-07:00,2026-05-01T17:53:56-07:00,0,23
projects/projects.js,69,js,122a7f6d,Antony Munkhchuluun,2026-05-01,17:53:56,-07:00,2026-05-01T17:53:56-07:00,0,0
projects/projects.js,70,js,122a7f6d,Antony Munkhchuluun,2026-05-01,17:53:56,-07:00,2026-05-01T17:53:56-07:00,0,13
projects/projects.js,71,js,f362200f,Antony Munkhchuluun,2026-05-01,17:47:34,-07:00,2026-05-01T17:47:34-07:00,0,53
projects/projects.js,72,js,f362200f,Antony Munkhchuluun,2026-05-01,17:47:34,-07:00,2026-05-01T17:47:34-07:00,0,48
projects/projects.js,73,js,f362200f,Antony Munkhchuluun,2026-05-01,17:47:34,-07:00,2026-05-01T17:47:34-07:00,2,25
projects/projects.js,74,js,122a7f6d,Antony Munkhchuluun,2026-05-01,17:53:56,-07:00,2026-05-01T17:53:56-07:00,2,51
projects/projects.js,75,js,122a7f6d,Antony Munkhchuluun,2026-05-01,17:53:56,-07:00,2026-05-01T17:53:56-07:00,4,59
projects/projects.js,76,js,122a7f6d,Antony Munkhchuluun,2026-05-01,17:53:56,-07:00,2026-05-01T17:53:56-07:00,4,42
projects/projects.js,77,js,122a7f6d,Antony Munkhchuluun,2026-05-01,17:53:56,-07:00,2026-05-01T17:53:56-07:00,2,1
projects/projects.js,78,js,f362200f,Antony Munkhchuluun,2026-05-01,17:47:34,-07:00,2026-05-01T17:47:34-07:00,2,56
projects/projects.js,79,js,122a7f6d,Antony Munkhchuluun,2026-05-01,17:53:56,-07:00,2026-05-01T17:53:56-07:00,2,31
projects/projects.js,80,js,b15fec7e,Antony Munkhchuluun,2026-05-01,17:27:38,-07:00,2026-05-01T17:27:38-07:00,0,1
projects/index.html,1,html,aea3d98c,Antony Munkhchuluun,2026-04-06,20:44:04,-07:00,2026-04-06T20:44:04-07:00,0,13
projects/index.html,2,html,aea3d98c,Antony Munkhchuluun,2026-04-06,20:44:04,-07:00,2026-04-06T20:44:04-07:00,0,14
projects/index.html,3,html,aea3d98c,Antony Munkhchuluun,2026-04-06,20:44:04,-07:00,2026-04-06T20:44:04-07:00,0,4
projects/index.html,4,html,aea3d98c,Antony Munkhchuluun,2026-04-06,20:44:04,-07:00,2026-04-06T20:44:04-07:00,2,20
projects/index.html,5,html,aea3d98c,Antony Munkhchuluun,2026-04-06,20:44:04,-07:00,2026-04-06T20:44:04-07:00,2,68
projects/index.html,6,html,aea3d98c,Antony Munkhchuluun,2026-04-06,20:44:04,-07:00,2026-04-06T20:44:04-07:00,2,26
projects/index.html,7,html,1898eec6,Antony Munkhchuluun,2026-04-12,22:29:25,-07:00,2026-04-12T22:29:25-07:00,2,41
projects/index.html,8,html,9285e345,Antony Munkhchuluun,2026-04-21,13:20:54,-07:00,2026-04-21T13:20:54-07:00,2,48
projects/index.html,9,html,d400ab44,Antony Munkhchuluun,2026-04-25,22:50:00,-07:00,2026-04-25T22:50:00-07:00,2,47
projects/index.html,10,html,aea3d98c,Antony Munkhchuluun,2026-04-06,20:44:04,-07:00,2026-04-06T20:44:04-07:00,0,5
projects/index.html,11,html,aea3d98c,Antony Munkhchuluun,2026-04-06,20:44:04,-07:00,2026-04-06T20:44:04-07:00,0,4
projects/index.html,12,html,d400ab44,Antony Munkhchuluun,2026-04-25,22:50:00,-07:00,2026-04-25T22:50:00-07:00,2,38
projects/index.html,13,html,d3c67aa0,Antony Munkhchuluun,2026-05-01,17:39:18,-07:00,2026-05-01T17:39:18-07:00,2,21
projects/index.html,14,html,d3c67aa0,Antony Munkhchuluun,2026-05-01,17:39:18,-07:00,2026-05-01T17:39:18-07:00,4,58
projects/index.html,15,html,d3c67aa0,Antony Munkhchuluun,2026-05-01,17:39:18,-07:00,2026-05-01T17:39:18-07:00,4,22
projects/index.html,16,html,d3c67aa0,Antony Munkhchuluun,2026-05-01,17:39:18,-07:00,2026-05-01T17:39:18-07:00,2,4
projects/index.html,17,html,f362200f,Antony Munkhchuluun,2026-05-01,17:47:34,-07:00,2026-05-01T17:47:34-07:00,0,0
projects/index.html,18,html,f362200f,Antony Munkhchuluun,2026-05-01,17:47:34,-07:00,2026-05-01T17:47:34-07:00,2,4
projects/index.html,19,html,f362200f,Antony Munkhchuluun,2026-05-01,17:47:34,-07:00,2026-05-01T17:47:34-07:00,2,15
projects/index.html,20,html,f362200f,Antony Munkhchuluun,2026-05-01,17:47:34,-07:00,2026-05-01T17:47:34-07:00,2,11
projects/index.html,21,html,f362200f,Antony Munkhchuluun,2026-05-01,17:47:34,-07:00,2026-05-01T17:47:34-07:00,2,26
projects/index.html,22,html,f362200f,Antony Munkhchuluun,2026-05-01,17:47:34,-07:00,2026-05-01T17:47:34-07:00,2,31
projects/index.html,23,html,f362200f,Antony Munkhchuluun,2026-05-01,17:47:34,-07:00,2026-05-01T17:47:34-07:00,2,0
projects/index.html,24,html,1898eec6,Antony Munkhchuluun,2026-04-12,22:29:25,-07:00,2026-04-12T22:29:25-07:00,2,20
projects/index.html,25,html,d400ab44,Antony Munkhchuluun,2026-04-25,22:50:00,-07:00,2026-04-25T22:50:00-07:00,4,0
projects/index.html,26,html,1898eec6,Antony Munkhchuluun,2026-04-12,22:29:25,-07:00,2026-04-12T22:29:25-07:00,2,4
projects/index.html,27,html,1898eec6,Antony Munkhchuluun,2026-04-12,22:29:25,-07:00,2026-04-12T22:29:25-07:00,0,0
projects/index.html,28,html,aea3d98c,Antony Munkhchuluun,2026-04-06,20:44:04,-07:00,2026-04-06T20:44:04-07:00,0,5
projects/index.html,29,html,aea3d98c,Antony Munkhchuluun,2026-04-06,20:44:04,-07:00,2026-04-06T20:44:04-07:00,0,5
contact/index.html,1,html,aea3d98c,Antony Munkhchuluun,2026-04-06,20:44:04,-07:00,2026-04-06T20:44:04-07:00,0,13
contact/index.html,2,html,aea3d98c,Antony Munkhchuluun,2026-04-06,20:44:04,-07:00,2026-04-06T20:44:04-07:00,0,14
contact/index.html,3,html,aea3d98c,Antony Munkhchuluun,2026-04-06,20:44:04,-07:00,2026-04-06T20:44:04-07:00,0,4
contact/index.html,4,html,aea3d98c,Antony Munkhchuluun,2026-04-06,20:44:04,-07:00,2026-04-06T20:44:04-07:00,2,20
contact/index.html,5,html,aea3d98c,Antony Munkhchuluun,2026-04-06,20:44:04,-07:00,2026-04-06T20:44:04-07:00,2,68
contact/index.html,6,html,aea3d98c,Antony Munkhchuluun,2026-04-06,20:44:04,-07:00,2026-04-06T20:44:04-07:00,2,25
contact/index.html,7,html,1898eec6,Antony Munkhchuluun,2026-04-12,22:29:25,-07:00,2026-04-12T22:29:25-07:00,2,48
contact/index.html,8,html,ae0f2d9a,Antony Munkhchuluun,2026-04-21,13:10:24,-07:00,2026-04-21T13:10:24-07:00,2,48
contact/index.html,9,html,aea3d98c,Antony Munkhchuluun,2026-04-06,20:44:04,-07:00,2026-04-06T20:44:04-07:00,0,4
contact/index.html,10,html,1898eec6,Antony Munkhchuluun,2026-04-12,22:29:25,-07:00,2026-04-12T22:29:25-07:00,2,17
contact/index.html,11,html,6bdf3a26,Antony Munkhchuluun,2026-04-21,16:36:55,-07:00,2026-04-21T16:36:55-07:00,2,43
contact/index.html,12,html,aea3d98c,Antony Munkhchuluun,2026-04-06,20:44:04,-07:00,2026-04-06T20:44:04-07:00,4,5
contact/index.html,13,html,1898eec6,Antony Munkhchuluun,2026-04-12,22:29:25,-07:00,2026-04-12T22:29:25-07:00,6,6
contact/index.html,14,html,aea3d98c,Antony Munkhchuluun,2026-04-06,20:44:04,-07:00,2026-04-06T20:44:04-07:00,6,20
contact/index.html,15,html,aea3d98c,Antony Munkhchuluun,2026-04-06,20:44:04,-07:00,2026-04-06T20:44:04-07:00,4,6
contact/index.html,16,html,aea3d98c,Antony Munkhchuluun,2026-04-06,20:44:04,-07:00,2026-04-06T20:44:04-07:00,4,5
contact/index.html,17,html,1898eec6,Antony Munkhchuluun,2026-04-12,22:29:25,-07:00,2026-04-12T22:29:25-07:00,6,6
contact/index.html,18,html,aea3d98c,Antony Munkhchuluun,2026-04-06,20:44:04,-07:00,2026-04-06T20:44:04-07:00,6,31
contact/index.html,19,html,aea3d98c,Antony Munkhchuluun,2026-04-06,20:44:04,-07:00,2026-04-06T20:44:04-07:00,4,6
contact/index.html,20,html,aea3d98c,Antony Munkhchuluun,2026-04-06,20:44:04,-07:00,2026-04-06T20:44:04-07:00,0,0
contact/index.html,21,html,aea3d98c,Antony Munkhchuluun,2026-04-06,20:44:04,-07:00,2026-04-06T20:44:04-07:00,4,21
contact/index.html,22,html,aea3d98c,Antony Munkhchuluun,2026-04-06,20:44:04,-07:00,2026-04-06T20:44:04-07:00,4,0
contact/index.html,23,html,aea3d98c,Antony Munkhchuluun,2026-04-06,20:44:04,-07:00,2026-04-06T20:44:04-07:00,2,5
contact/index.html,24,html,aea3d98c,Antony Munkhchuluun,2026-04-06,20:44:04,-07:00,2026-04-06T20:44:04-07:00,0,5
contact/index.html,25,html,aea3d98c,Antony Munkhchuluun,2026-04-06,20:44:04,-07:00,2026-04-06T20:44:04-07:00,0,5
Resume/index.html,1,html,aea3d98c,Antony Munkhchuluun,2026-04-06,20:44:04,-07:00,2026-04-06T20:44:04-07:00,0,13
Resume/index.html,2,html,aea3d98c,Antony Munkhchuluun,2026-04-06,20:44:04,-07:00,2026-04-06T20:44:04-07:00,0,14
Resume/index.html,3,html,aea3d98c,Antony Munkhchuluun,2026-04-06,20:44:04,-07:00,2026-04-06T20:44:04-07:00,0,4
Resume/index.html,4,html,aea3d98c,Antony Munkhchuluun,2026-04-06,20:44:04,-07:00,2026-04-06T20:44:04-07:00,2,20
Resume/index.html,5,html,aea3d98c,Antony Munkhchuluun,2026-04-06,20:44:04,-07:00,2026-04-06T20:44:04-07:00,2,68
Resume/index.html,6,html,aea3d98c,Antony Munkhchuluun,2026-04-06,20:44:04,-07:00,2026-04-06T20:44:04-07:00,2,24
Resume/index.html,7,html,1898eec6,Antony Munkhchuluun,2026-04-12,22:29:25,-07:00,2026-04-12T22:29:25-07:00,2,41
Resume/index.html,8,html,ae0f2d9a,Antony Munkhchuluun,2026-04-21,13:10:24,-07:00,2026-04-21T13:10:24-07:00,2,48
Resume/index.html,9,html,aea3d98c,Antony Munkhchuluun,2026-04-06,20:44:04,-07:00,2026-04-06T20:44:04-07:00,0,5
Resume/index.html,10,html,aea3d98c,Antony Munkhchuluun,2026-04-06,20:44:04,-07:00,2026-04-06T20:44:04-07:00,0,4
Resume/index.html,11,html,aea3d98c,Antony Munkhchuluun,2026-04-06,20:44:04,-07:00,2026-04-06T20:44:04-07:00,2,13
Resume/index.html,12,html,aea3d98c,Antony Munkhchuluun,2026-04-06,20:44:04,-07:00,2026-04-06T20:44:04-07:00,0,0
Resume/index.html,13,html,aea3d98c,Antony Munkhchuluun,2026-04-06,20:44:04,-07:00,2026-04-06T20:44:04-07:00,2,7
Resume/index.html,14,html,aea3d98c,Antony Munkhchuluun,2026-04-06,20:44:04,-07:00,2026-04-06T20:44:04-07:00,4,16
Resume/index.html,15,html,aea3d98c,Antony Munkhchuluun,2026-04-06,20:44:04,-07:00,2026-04-06T20:44:04-07:00,0,0
Resume/index.html,16,html,aea3d98c,Antony Munkhchuluun,2026-04-06,20:44:04,-07:00,2026-04-06T20:44:04-07:00,4,7
Resume/index.html,17,html,aea3d98c,Antony Munkhchuluun,2026-04-06,20:44:04,-07:00,2026-04-06T20:44:04-07:00,6,6
Resume/index.html,18,html,aea3d98c,Antony Munkhchuluun,2026-04-06,20:44:04,-07:00,2026-04-06T20:44:04-07:00,8,42
Resume/index.html,19,html,aea3d98c,Antony Munkhchuluun,2026-04-06,20:44:04,-07:00,2026-04-06T20:44:04-07:00,8,95
Resume/index.html,20,html,aea3d98c,Antony Munkhchuluun,2026-04-06,20:44:04,-07:00,2026-04-06T20:44:04-07:00,6,7
Resume/index.html,21,html,aea3d98c,Antony Munkhchuluun,2026-04-06,20:44:04,-07:00,2026-04-06T20:44:04-07:00,6,25
Resume/index.html,22,html,aea3d98c,Antony Munkhchuluun,2026-04-06,20:44:04,-07:00,2026-04-06T20:44:04-07:00,6,2
Resume/index.html,23,html,aea3d98c,Antony Munkhchuluun,2026-04-06,20:44:04,-07:00,2026-04-06T20:44:04-07:00,8,15
Resume/index.html,24,html,aea3d98c,Antony Munkhchuluun,2026-04-06,20:44:04,-07:00,2026-04-06T20:44:04-07:00,8,72
Resume/index.html,25,html,aea3d98c,Antony Munkhchuluun,2026-04-06,20:44:04,-07:00,2026-04-06T20:44:04-07:00,6,3
Resume/index.html,26,html,aea3d98c,Antony Munkhchuluun,2026-04-06,20:44:04,-07:00,2026-04-06T20:44:04-07:00,4,8
Resume/index.html,27,html,aea3d98c,Antony Munkhchuluun,2026-04-06,20:44:04,-07:00,2026-04-06T20:44:04-07:00,0,0
Resume/index.html,28,html,aea3d98c,Antony Munkhchuluun,2026-04-06,20:44:04,-07:00,2026-04-06T20:44:04-07:00,2,8
Resume/index.html,29,html,aea3d98c,Antony Munkhchuluun,2026-04-06,20:44:04,-07:00,2026-04-06T20:44:04-07:00,0,0
Resume/index.html,30,html,aea3d98c,Antony Munkhchuluun,2026-04-06,20:44:04,-07:00,2026-04-06T20:44:04-07:00,2,7
Resume/index.html,31,html,aea3d98c,Antony Munkhchuluun,2026-04-06,20:44:04,-07:00,2026-04-06T20:44:04-07:00,4,22
Resume/index.html,32,html,aea3d98c,Antony Munkhchuluun,2026-04-06,20:44:04,-07:00,2026-04-06T20:44:04-07:00,0,0
Resume/index.html,33,html,aea3d98c,Antony Munkhchuluun,2026-04-06,20:44:04,-07:00,2026-04-06T20:44:04-07:00,4,7
Resume/index.html,34,html,aea3d98c,Antony Munkhchuluun,2026-04-06,20:44:04,-07:00,2026-04-06T20:44:04-07:00,6,6
Resume/index.html,35,html,aea3d98c,Antony Munkhchuluun,2026-04-06,20:44:04,-07:00,2026-04-06T20:44:04-07:00,8,43
Resume/index.html,36,html,aea3d98c,Antony Munkhchuluun,2026-04-06,20:44:04,-07:00,2026-04-06T20:44:04-07:00,8,95
Resume/index.html,37,html,aea3d98c,Antony Munkhchuluun,2026-04-06,20:44:04,-07:00,2026-04-06T20:44:04-07:00,6,7
Resume/index.html,38,html,aea3d98c,Antony Munkhchuluun,2026-04-06,20:44:04,-07:00,2026-04-06T20:44:04-07:00,6,2
Resume/index.html,39,html,aea3d98c,Antony Munkhchuluun,2026-04-06,20:44:04,-07:00,2026-04-06T20:44:04-07:00,8,52
Resume/index.html,40,html,aea3d98c,Antony Munkhchuluun,2026-04-06,20:44:04,-07:00,2026-04-06T20:44:04-07:00,8,62
Resume/index.html,41,html,aea3d98c,Antony Munkhchuluun,2026-04-06,20:44:04,-07:00,2026-04-06T20:44:04-07:00,6,3
Resume/index.html,42,html,aea3d98c,Antony Munkhchuluun,2026-04-06,20:44:04,-07:00,2026-04-06T20:44:04-07:00,4,8
Resume/index.html,43,html,aea3d98c,Antony Munkhchuluun,2026-04-06,20:44:04,-07:00,2026-04-06T20:44:04-07:00,0,0
Resume/index.html,44,html,aea3d98c,Antony Munkhchuluun,2026-04-06,20:44:04,-07:00,2026-04-06T20:44:04-07:00,4,7
Resume/index.html,45,html,aea3d98c,Antony Munkhchuluun,2026-04-06,20:44:04,-07:00,2026-04-06T20:44:04-07:00,6,6
Resume/index.html,46,html,aea3d98c,Antony Munkhchuluun,2026-04-06,20:44:04,-07:00,2026-04-06T20:44:04-07:00,8,47
Resume/index.html,47,html,aea3d98c,Antony Munkhchuluun,2026-04-06,20:44:04,-07:00,2026-04-06T20:44:04-07:00,8,95
Resume/index.html,48,html,aea3d98c,Antony Munkhchuluun,2026-04-06,20:44:04,-07:00,2026-04-06T20:44:04-07:00,6,7
Resume/index.html,49,html,aea3d98c,Antony Munkhchuluun,2026-04-06,20:44:04,-07:00,2026-04-06T20:44:04-07:00,6,2
Resume/index.html,50,html,aea3d98c,Antony Munkhchuluun,2026-04-06,20:44:04,-07:00,2026-04-06T20:44:04-07:00,8,48
Resume/index.html,51,html,aea3d98c,Antony Munkhchuluun,2026-04-06,20:44:04,-07:00,2026-04-06T20:44:04-07:00,8,47
Resume/index.html,52,html,aea3d98c,Antony Munkhchuluun,2026-04-06,20:44:04,-07:00,2026-04-06T20:44:04-07:00,6,3
Resume/index.html,53,html,aea3d98c,Antony Munkhchuluun,2026-04-06,20:44:04,-07:00,2026-04-06T20:44:04-07:00,4,8
Resume/index.html,54,html,aea3d98c,Antony Munkhchuluun,2026-04-06,20:44:04,-07:00,2026-04-06T20:44:04-07:00,0,0
Resume/index.html,55,html,aea3d98c,Antony Munkhchuluun,2026-04-06,20:44:04,-07:00,2026-04-06T20:44:04-07:00,2,8
Resume/index.html,56,html,aea3d98c,Antony Munkhchuluun,2026-04-06,20:44:04,-07:00,2026-04-06T20:44:04-07:00,0,0
Resume/index.html,57,html,aea3d98c,Antony Munkhchuluun,2026-04-06,20:44:04,-07:00,2026-04-06T20:44:04-07:00,2,7
Resume/index.html,58,html,aea3d98c,Antony Munkhchuluun,2026-04-06,20:44:04,-07:00,2026-04-06T20:44:04-07:00,4,13
Resume/index.html,59,html,aea3d98c,Antony Munkhchuluun,2026-04-06,20:44:04,-07:00,2026-04-06T20:44:04-07:00,4,2
Resume/index.html,60,html,aea3d98c,Antony Munkhchuluun,2026-04-06,20:44:04,-07:00,2026-04-06T20:44:04-07:00,6,53
Resume/index.html,61,html,aea3d98c,Antony Munkhchuluun,2026-04-06,20:44:04,-07:00,2026-04-06T20:44:04-07:00,6,33
Resume/index.html,62,html,aea3d98c,Antony Munkhchuluun,2026-04-06,20:44:04,-07:00,2026-04-06T20:44:04-07:00,6,54
Resume/index.html,63,html,aea3d98c,Antony Munkhchuluun,2026-04-06,20:44:04,-07:00,2026-04-06T20:44:04-07:00,4,3
Resume/index.html,64,html,aea3d98c,Antony Munkhchuluun,2026-04-06,20:44:04,-07:00,2026-04-06T20:44:04-07:00,2,8
Resume/index.html,65,html,aea3d98c,Antony Munkhchuluun,2026-04-06,20:44:04,-07:00,2026-04-06T20:44:04-07:00,0,0
Resume/index.html,66,html,8139db90,Antony Munkhchuluun,2026-04-06,20:57:30,-07:00,2026-04-06T20:57:30-07:00,2,0
Resume/index.html,67,html,aea3d98c,Antony Munkhchuluun,2026-04-06,20:44:04,-07:00,2026-04-06T20:44:04-07:00,0,5
Resume/index.html,68,html,aea3d98c,Antony Munkhchuluun,2026-04-06,20:44:04,-07:00,2026-04-06T20:44:04-07:00,0,5
